,consignmentId,eventTransactionId,eventName,senderOrgName,originatorId,originatorName,carrierBookingNumber,eventType,sentFromInternal,subEvType,eventOccurrenceTime,vehicleId,voyageId,transportationPhase,terminal,terminalDescription,transportPlanIssuanceTime,transportPlanSequenceNumber,transportPlanTotalNumber,fullStatus,locationType,locationValue,locationDescription,status,consignmentCreationTime,consignmentUpdateTime,createdBy
0,dc1fd7fc-e02d-45a4-b193-1d8b4bffe3fe,28e724ff-c8c3-403a-8b41-e6aa56349f12,Actual barge arrival,Maersk,SEJJ,Sealand a Maersk Company,300353722,actualBargeArrival,0,TransportEv,2019-12-13 06:34:00,,,Export,BEANR-K913,,2021-05-14 15:21:19,,,Full,UN/Locode,BEANR,"Antwerpen, BE",Active,2021-05-13 21:23:04,2019-12-09 18:52:28,Maersk
1,f2bdb1c3-9d28-48c9-b263-8ddfacdb2fe4,ffdf0758-b47d-4c7e-a6bd-334fa4e0e539,Actual barge arrival,Maersk,MAEU,Maersk Line,969879138,actualBargeArrival,0,TransportEv,2019-12-09 07:17:00,,,Export,BEANR-K1742,,2021-05-14 15:21:19,,,Full,UN/Locode,BEANR,"Antwerpen, BE",Active,2021-05-13 21:23:04,2019-11-26 19:38:14,Maersk
2,f2bdb1c3-9d28-48c9-b263-8ddfacdb2fe4,e4482b9d-7c29-4625-b46a-5e62048164e8,Estimated gate in,KL-NET,KLNET,KLNET,,estimatedGateIn,0,TransportEv,2020-02-10 05:00:00,GLOI3481,,Import,KRINC-HJITC,,2021-05-14 15:21:19,,,Empty,UN/Locode,KRINC,"Incheon, KR",Active,2021-05-13 21:23:04,2019-11-26 19:38:14,Maersk
3,bb5713ed-4ba8-4993-9ae5-4ea7f8d60762,58a0c3ff-ba63-44f8-83ab-929d523948c9,Actual barge arrival,Maersk,MAEU,Maersk Line,969883650,actualBargeArrival,0,TransportEv,2019-12-19 22:17:00,,,Export,BEANR-K1742,,2021-05-14 15:21:19,,,Full,UN/Locode,BEANR,"Antwerpen, BE",Active,2021-05-13 21:23:04,2019-12-12 19:58:23,Maersk
4,0c5a67d0-2092-4072-9bbe-43374c9d16f7,34d832fe-e0f7-4c1b-a78c-05886aad1e72,Actual barge arrival,Maersk,SEJJ,Sealand a Maersk Company,589416643,actualBargeArrival,0,TransportEv,2020-01-17 14:32:00,,,Transshipment,BEANR-K913,,2021-05-14 15:21:19,,,Full,UN/Locode,BEANR,"Antwerpen, BE",Active,2021-05-13 21:23:04,2020-01-22 11:29:06,Maersk
5,ecf1f15a-852c-4ac5-ad6d-273837a6682d,422fc0dc-e6e4-4355-9505-21ea74f00fb4,Actual barge arrival,Maersk,MAEU,Maersk Line,606944679,actualBargeArrival,0,TransportEv,2020-02-11 06:47:00,,,Export,BEANR-K1742,,2021-05-14 15:21:19,,,Full,UN/Locode,BEANR,"Antwerpen, BE",Active,2021-05-13 21:23:04,2020-02-27 11:35:54,Maersk
6,39417e11-5322-47d2-9a2a-25906938a00f,a2a19d3a-48b2-4d77-b4b2-0da12ba9ef89,Actual barge departure,Maersk,SAFM,Safmarine,711029167,actualBargeDeparture,0,TransportEv,2019-12-03 17:30:00,,,Export,BEGNKHG,,2021-05-14 15:21:19,,,Full,UN/Locode,BEGNK,"Genk, BE",Active,2021-05-13 21:23:04,2019-11-22 16:53:23,Maersk
7,d777796c-240d-4e9e-8bda-b1957087c18e,1f7cef3c-5788-47c3-bc98-838f0831e13d,Actual barge departure,Maersk,MAEU,Maersk Line,606800156,actualBargeDeparture,0,TransportEv,2019-11-18 15:25:00,,,Export,,,2021-05-14 15:21:19,,,Empty,UN/Locode,BEANR,"Antwerpen, BE",Active,2021-05-13 21:23:04,2019-12-04 11:53:00,Maersk
8,326f2963-06e0-4fb9-9083-650295a23aa2,382a3d21-d370-45a9-8967-7bc1f2716941,Actual barge departure,Maersk,MAEU,Maersk Line,590410701,actualBargeDeparture,0,TransportEv,2020-01-12 05:06:00,,,Transshipment,NLRTM-KRM,,2021-05-14 15:21:19,,,Empty,UN/Locode,NLRTM,"Rotterdam, ZH, NL",Active,2021-05-13 21:23:04,2020-01-13 09:57:01,Maersk
9,f3e2aaf3-ecdf-4427-8fd3-8740c6e358f7,b84d0c77-d9a0-494d-8d06-8bff6699c508,Actual barge departure,Maersk,SEJJ,Sealand a Maersk Company,586967891,actualBargeDeparture,0,TransportEv,2019-11-13 08:30:00,,,Import,BEANR-K913,,2021-05-14 15:21:19,,,Full,UN/Locode,BEANR,"Antwerpen, BE",Active,2021-05-13 21:23:04,2019-10-14 16:13:40,Maersk
10,90de946f-a17c-47a9-9c30-07671c84b5c4,81e27b1a-8ae1-4f88-a47a-3d59af9def74,Actual barge departure,Maersk,MAEU,Maersk Line,DOW202020,actualBargeDeparture,0,TransportEv,2020-01-29 19:45:00,,,Export,BEANT364,,2021-05-14 15:21:19,,,Empty,UN/Locode,BEANR,"Antwerpen, BE",Active,2021-05-13 21:23:04,2020-02-04 16:16:21,Maersk
11,87f90ce4-2201-4e94-99fa-a382de5cab3a,06ecd497-9355-4523-800b-5afbafa97147,Actual transport equipment stripped,Hamburg SÃ¼d,SUDU,Hamburg Sud,9GYE011752,actualContainerStripped,0,TransportEv,2020-01-06 09:43:00,,,Import,,,2021-05-14 15:21:19,,,Empty,UN/Locode,BEANR,"Antwerpen, BE",Active,2021-05-13 21:23:04,2020-01-06 10:35:41,Hamburg SÃ¼d
12,f3498a92-f73b-486e-843e-88ffba00aa2c,415d8c5c-7cdf-49d6-a58e-95f27b032907,Actual transport equipment stripped,Hamburg SÃ¼d,SUDU,Hamburg Sud,9RTM013799,actualContainerStripped,0,TransportEv,2019-11-20 16:54:00,,,Import,,,2021-05-14 15:21:19,,,Empty,UN/Locode,EGALY,"El Iskandariya (Alexandria), EG",Active,2021-05-13 21:23:04,2019-11-17 18:27:16,Hamburg SÃ¼d
13,731e61a2-dcff-4451-8189-e831ddb47c31,59760b2b-a01d-4345-8034-5658795c9fa8,Actual transport equipment stripped,Satellite Logistics Group,d340a446-a1ca-419e-96a8-f84651f0b4bf,Satellite Logistics Group,,actualContainerStripped,0,TransportEv,2019-11-25 14:38:53,,,Import,,,2021-05-14 15:21:19,,,,Address,8415 Kelso Drive Baltimore MD 21,,Active,2021-05-13 21:23:04,2019-10-25 12:26:40,Maersk
14,e6f01d3b-5c5a-4d05-aed1-91c7b12ae329,183bc02d-d248-41e5-9edc-7fc6f092ccfc,Actual transport equipment stripped,Hamburg SÃ¼d,SUDU,Hamburg Sud,9CSC005247,actualContainerStripped,0,TransportEv,2019-11-25 11:50:00,,,Import,,,2021-05-14 15:21:19,,,Empty,UN/Locode,BEANR,"Antwerpen, BE",Active,2021-05-13 21:23:04,2019-11-22 15:38:24,Hamburg SÃ¼d
15,c71fbd67-bcad-4dfc-b061-81da32078ae2,3e2ca3f2-40c3-4132-b2fc-8abd73c5991b,Actual transport equipment stripped,Shipco,7b3dd3ed-98e9-4081-838e-2d62a3aaee96,Shipco,,actualContainerStripped,0,TransportEv,2020-02-03 11:30:13,,,Import,,,2021-05-14 15:21:19,,,,UN/Locode,NLRTM,"Rotterdam, ZH, NL",Active,2021-05-13 21:23:04,2020-01-31 21:22:40,Maersk
16,66f313fc-7cad-4831-8ba8-6f1a290a4147,4d4c3e58-4d95-4387-9428-a67a40c9445c,Actual transport equipment stuffed,Maersk,MAEU,Maersk Line,910147907,actualContainerStuffed,0,TransportEv,2020-01-20 11:20:00,,,Export,COTRB-TURBO,,2021-05-14 15:21:19,,,Full,UN/Locode,COTRB,"Turbo, CO",Active,2021-05-13 21:23:04,2020-02-11 18:43:03,Maersk
17,6d56def0-b626-48d1-acea-feef839d1077,ae5d24dd-7f04-43cc-8232-7ff5d1fe0918,Actual transport equipment stuffed,Maersk,MAEU,Maersk Line,969838199,actualContainerStuffed,0,TransportEv,2019-11-18 22:10:00,,,Export,COTRB-TURBO,,2021-05-14 15:21:19,,,Full,UN/Locode,COTRB,"Turbo, CO",Active,2021-05-13 21:23:04,2019-11-22 03:04:19,Maersk
18,3fcfc3e0-4ffa-4431-b4df-ffc0caad836b,af5f18a8-c92b-4398-97d9-f420a7cc13b1,Actual transport equipment stuffed,Maersk,MAEU,Maersk Line,589302488,actualContainerStuffed,0,TransportEv,2019-12-19 16:18:00,,,Export,BEANR-BNFW,,2021-05-14 15:21:19,,,Full,UN/Locode,BEANR,"Antwerpen, BE",Active,2021-05-13 21:23:04,2019-12-09 18:36:33,Maersk
19,d71d5e65-2de4-4941-90a3-6803a6c0f3f2,4840c294-bc8b-4d5d-8b65-5817562a5ec0,Actual transport equipment stuffed,Maersk,MAEU,Maersk Line,910245524,actualContainerStuffed,0,TransportEv,2020-02-19 11:30:00,,,Export,COTRB-TURBO,,2021-05-14 15:21:19,,,Full,UN/Locode,COTRB,"Turbo, CO",Active,2021-05-13 21:23:04,2020-02-21 20:58:34,Maersk
20,fa85b532-f1bf-445f-b0b4-4a022f84a98b,8505e6f6-73b7-4093-9c4e-381cc21ef1b0,Actual transport equipment stuffed,Maersk,MAEU,Maersk Line,910038172,actualContainerStuffed,0,TransportEv,2019-12-23 14:30:00,,,Export,COTRB-TURBO,,2021-05-14 15:21:19,,,Full,UN/Locode,COTRB,"Turbo, CO",Active,2021-05-13 21:23:04,2019-12-26 15:39:16,Maersk
21,8eb07532-a197-497b-8362-229b363c2869,cc1d0de9-8b95-4bbb-b6d2-0122b24321df,Actual discharge from barge,APM Terminals,APMT-NLMVII,APMT-NLMVII,589904490,actualDischargeFromBarge,0,TransportEv,2020-02-04 22:06:50,2318927,3000559,Export,,,2021-05-14 15:21:19,,,Full,UN/Locode,NLRTM,"Rotterdam, ZH, NL",Active,2021-05-13 21:23:04,2020-02-11 15:34:20,Maersk
22,95177f85-040f-4fab-be7f-6825a5b420f8,0970b99e-c94e-448b-baab-1a77619c27cc,Actual discharge from barge,APM Terminals,APMT-NLMVII,APMT-NLMVII,ROT013465,actualDischargeFromBarge,0,TransportEv,2019-12-02 08:15:05,06004084,1858749,Export,,,2021-05-14 15:21:19,,,Full,UN/Locode,NLRTM,"Rotterdam, ZH, NL",Active,2021-05-13 21:23:04,2019-12-03 15:40:20,Maersk
23,093017b4-30b0-4e91-b796-a75ca49d8e75,73eadd75-1230-4706-950b-6206cfe50298,Actual discharge from barge,Maersk,MAEU,Maersk Line,588810712,actualDischargeFromBarge,0,TransportEv,2019-12-13 14:29:00,,,Export,KRPUS-HBCT,,2021-05-14 15:21:19,,,Full,UN/Locode,KRPUS,"Busan, KR",Active,2021-05-13 21:23:04,2019-12-04 03:36:59,Maersk
24,1c6e6ddd-448d-44cb-aad7-34f61373fd66,01580693-2de3-44da-8183-222dd02db8f4,Actual discharge from barge,Maersk,MAEU,Maersk Line,589309889,actualDischargeFromBarge,0,TransportEv,2019-12-28 15:41:00,,,Export,KRPUS-HBCT,,2021-05-14 15:21:19,,,Full,UN/Locode,KRPUS,"Busan, KR",Active,2021-05-13 21:23:04,2019-12-23 13:22:36,Maersk
25,838dcd14-d127-4ad0-a4af-9e68422243c7,28355ae1-6ade-49d1-814e-381ff8adcdb0,Actual discharge from barge,APM Terminals,APMT-NLMVII,APMT-NLMVII,606747132,actualDischargeFromBarge,0,TransportEv,2019-11-11 14:28:45,02329366,1856546,Export,,,2021-05-14 15:21:19,,,Full,UN/Locode,NLRTM,"Rotterdam, ZH, NL",Active,2021-05-13 21:23:04,2019-10-09 16:02:16,Maersk
26,cf7005e8-baf5-4ea3-b11c-9efec4a2bac7,664706e2-86e4-4955-b0af-6d5f92aaed85,Actual discharge from rail,Maersk,MAEU,Maersk Line,606827183,actualDischargeFromRail,0,TransportEv,2020-02-01 05:58:00,,,Import,USCHIGT,,2021-05-14 15:21:19,,,Full,UN/Locode,USCHI,"Chicago, IL, US",Active,2021-05-13 21:23:04,2019-11-20 16:26:17,Maersk
27,27157599-d583-4127-98a9-1f09e94d3893,9538f6c3-78d8-421e-a24e-c4656745e55b,Actual discharge from rail,APM Terminals,APMT-INPPV,APMT-INPPV,590870067,actualDischargeFromRail,0,TransportEv,2020-01-30 20:58:37,,007W,Export,,,2021-05-14 15:21:19,,,Full,UN/Locode,INPPV,"Port Pipavav, GJ, IN",Active,2021-05-13 21:23:04,2020-02-07 05:42:31,Maersk
28,27157599-d583-4127-98a9-1f09e94d3893,f2d75219-0511-430a-923d-d0f5bee20399,Estimated vessel arrival,Maersk,MAEU,Maersk Line,590870067,estimatedVesselArrival,0,TransportEv,2020-02-22 23:00:00,9315226,005E,Import,SADMM-DCT,,2021-05-14 15:21:19,,,Full,UN/Locode,SADMM,"Ad Dammam, SA",Active,2021-05-13 21:23:04,2020-02-07 05:42:31,Maersk
29,97f3aa84-5d1e-4717-ab6b-e821ead78fe8,bb2954e6-688a-4d68-8c5c-2c81f709b7a6,Actual discharge from rail,Maersk,MAEU,Maersk Line,587570982,actualDischargeFromRail,0,TransportEv,2019-10-30 17:02:00,,,Export,CAMTR-MGTCAS,,2021-05-14 15:21:19,,,Full,UN/Locode,CAMTR,"Montreal, QC, CA",Active,2021-05-13 21:23:04,2019-10-30 22:00:53,Maersk
30,9b1d15d6-e7ee-4c78-87b5-9ab39c2ecf45,d73fec66-8988-4c01-8740-c2f4f845bc91,Actual discharge from rail,Maersk,MAEU,Maersk Line,969637753,actualDischargeFromRail,0,TransportEv,2019-10-30 09:59:00,,,Import,,,2021-05-14 15:21:19,,,Full,UN/Locode,USCHI,"Chicago, IL, US",Active,2021-05-13 21:23:04,2019-10-11 14:56:20,Maersk
31,0b95a7c7-7b34-48ac-aa53-4220288276ed,215484ef-f23b-4688-8fd8-ae6cf95c638c,Actual discharge from rail,The Port of Virginia,POV,Port of Virginia,,actualDischargeFromRail,0,TransportEv,2019-12-31 00:08:45,VRCX001324,952E,Export,USORF-VIG,,2021-05-14 15:21:19,,,Full,UN/Locode,USORF,"Norfolk, VA, US",Active,2021-05-13 21:23:04,2019-12-04 17:54:11,Maersk
32,44412d33-3ae5-4892-ab15-35c7ed5bde79,fbcf09f6-bc79-43d9-9ea6-32a3033c9261,Actual discharge from truck,APM Terminals,APMT-BRITJ,APM Terminals ItajaÃ­,587988473,actualDischargeFromTruck,0,TransportEv,2019-11-25 18:23:10,,947N,Export,,,2021-05-14 15:21:19,,,Full,UN/Locode,BRITJ,"Itajai, SC, BR",Active,2021-05-13 21:23:04,2019-11-06 16:59:23,Maersk
33,6b4cea5c-823d-4626-b066-50acc6e2c22e,1b1811f3-6ef4-47ac-8ff6-c71d08f5b380,Actual discharge from truck,Port of Houston,POH,POH,,actualDischargeFromTruck,0,TransportEv,2020-01-28 21:17:11,,005E,Export,,,2021-05-14 15:21:19,,,Full,UN/Locode,USHOU,"Houston, TX, US",Active,2021-05-13 21:23:04,2020-02-18 18:36:40,Maersk
34,6f0dcfc0-2d7b-4c61-b060-f7f4ec67aa69,93280243-3588-4bd6-b5a0-d3d982791d3e,Actual discharge from truck,APM Terminals,APMT-OMSLL,APMT-OMSLL,586665131,actualDischargeFromTruck,0,TransportEv,2019-10-29 13:25:06,,942W,Export,,,2021-05-14 15:21:19,,,Full,UN/Locode,OMSLL,"Salalah, OM",Active,2021-05-13 21:23:04,2019-10-28 16:05:34,Maersk
35,e747f9f0-2cd4-42ea-8e60-9238d261e072,969231a5-70ad-4a32-bb35-56b8aa68dc0a,Actual discharge from truck,APM Terminals,APMT-SEGOT,APM Terminals Gothenburg,,actualDischargeFromTruck,0,TransportEv,2020-01-23 15:11:44,,,Transshipment,,,2021-05-14 15:21:19,,,Empty,UN/Locode,SEGOT,"Goteborg, SE",Active,2021-05-13 21:23:04,2020-01-17 14:40:36,Hamburg SÃ¼d
36,bcc5f466-09c9-4fa6-8735-e36c95bfd179,3ae93367-28d4-40ae-adb1-d8cd23886bdc,Actual discharge from truck,APM Terminals,APMT-TRIZM,APM Terminals Izmir,SGN267937,actualDischargeFromTruck,0,TransportEv,2019-12-16 14:57:10,,950N,Export,,,2021-05-14 15:21:19,,,Empty,UN/Locode,TRIZM,"Izmir, TR",Active,2021-05-13 21:23:04,2019-12-19 17:45:13,Maersk
37,b7fb8b7e-5a08-477c-a125-2ace84b3ab09,6164716a-3758-4f81-9bf6-882aba2b57f8,Actual discharge from vessel,APM Terminals,APMT-BRSSZ,APMT-BRSSZ,,actualDischargeFromVessel,0,TransportEv,2020-01-07 03:01:00,,950S,Import,,,2021-05-14 15:21:19,,,Full,UN/Locode,BRSSZ,"Santos, SP, BR",Active,2021-05-13 21:23:04,2020-02-15 00:35:03,Hamburg SÃ¼d
38,2fa5c1ef-a6de-4af5-aa1d-ca321426b8a1,22f00552-ab73-4010-91b4-38c735876b10,Actual discharge from vessel,Hamburg SÃ¼d,SUDU,Hamburg Sud,9ZRH007403,actualDischargeFromVessel,0,TransportEv,2019-11-02 06:53:00,9699189,941S,Export,,,2021-05-14 15:21:19,,,Full,UN/Locode,BRSSZ,"Santos, SP, BR",Active,2021-05-13 21:23:04,2019-11-16 14:29:32,Hamburg SÃ¼d
39,bbf6c59e-0ef8-4069-966c-0f718504eacc,cdb12459-5696-4227-b7d0-52a04118a7aa,Actual discharge from vessel,Maersk,MAEU,Maersk Line,910262796,actualDischargeFromVessel,0,TransportEv,2020-02-24 12:12:00,9313929,008S,Transshipment,OMSLL-APMT,,2021-05-14 15:21:19,,,Full,UN/Locode,OMSLL,"Salalah, OM",Active,2021-05-13 21:23:04,2020-02-18 13:36:03,Maersk
40,0f81bd5c-cfaf-445e-888e-dd922cced3d2,bc8608a2-bbbe-4be8-b920-a569086ae0a9,Actual discharge from vessel,APM Terminals,APMT-ESALG,APM Terminals Algeciras,,actualDischargeFromVessel,0,TransportEv,2020-01-18 13:57:17,9633939,002S,Transshipment,,,2021-05-14 15:21:19,,,Full,UN/Locode,ESALG,"Algeciras, ES",Active,2021-05-13 21:23:04,2019-09-30 21:44:16,Maersk
41,7b062451-7b4b-4ba8-bdc2-d8419219a8f4,be497224-48ce-43d5-928a-8e91df0c84d0,Actual discharge from vessel,Hamburg SÃ¼d,SUDU,Hamburg Sud,9ZRH007159,actualDischargeFromVessel,0,TransportEv,2019-11-16 11:19:00,9320685,945E,Export,,,2021-05-14 15:21:19,,,Full,UN/Locode,CLARI,"Arica, AP, CL",Active,2021-05-13 21:23:04,2019-11-18 13:36:14,Hamburg SÃ¼d
42,63a0734c-c595-4c85-9e9f-2aec10cdedb7,1c0edfbb-f78f-43a3-a019-04a1c262bacb,Actual gate in,Hamburg SÃ¼d,SUDU,Hamburg Sud,9LEH015725,actualGateIn,0,TransportEv,2020-01-07 18:17:00,,,Export,,,2021-05-14 15:21:19,,,Full,UN/Locode,FRLEH,"Le Havre, FR",Active,2021-05-13 21:23:04,2020-02-21 18:39:19,Hamburg SÃ¼d
43,c811dc55-ecdb-4f83-a688-1ad338aba571,74a5b698-a2f4-45eb-b9f0-5bcb3415a56a,Actual gate in,Maersk,MAEU,Maersk Line,599358023,actualGateIn,0,TransportEv,2020-02-18 10:39:00,,,Import,FRB9E01,,2021-05-14 15:21:19,,,Empty,UN/Locode,FRDGS,"Dourges, FR",Active,2021-05-13 21:23:04,2019-12-24 04:58:03,Maersk
44,3ad54241-aade-43ed-9862-1b67ba58bcdb,2194feae-526e-4e94-9bb8-86fd318dc161,Actual gate in,Maersk,SEJJ,Sealand a Maersk Company,300355733,actualGateIn,0,TransportEv,2020-01-02 18:44:00,MHATRK,,Export,BEANR-K913,,2021-05-14 15:21:19,,,Full,UN/Locode,BEANR,"Antwerpen, BE",Active,2021-05-13 21:23:04,2019-12-26 14:13:46,Maersk
45,a987d851-81af-47ba-aaf2-356e004ccc3d,3b8f4e79-3b91-41bc-8a7e-4a381374f954,Actual gate in,Maersk,MAEU,Maersk Line,589334413,actualGateIn,0,TransportEv,2019-12-02 10:33:00,,,Import,,,2021-05-14 15:21:19,,,Empty,UN/Locode,BEANR,"Antwerpen, BE",Active,2021-05-13 21:23:04,2019-10-23 07:42:37,Maersk
46,5fa4af5b-596f-4858-8577-feaca09195a8,9bac1659-89f5-4d66-9ebc-238fcf184b38,Actual gate in,Maersk,MAEU,Maersk Line,586495314,actualGateIn,0,TransportEv,2019-11-20 00:40:00,,,Import,,,2021-05-14 15:21:19,,,Empty,UN/Locode,BEKOU,"Kallo, BE",Active,2021-05-13 21:23:04,2019-10-04 18:36:38,Maersk
47,82a24814-8a7f-48ce-8d92-1591c390a39a,4e582257-8e16-4e74-91c8-f7754e4789b4,Actual gate out,Hamburg SÃ¼d,SUDU,Hamburg Sud,9ANR025161,actualGateOut,0,TransportEv,2019-12-15 10:08:00,,,Import,,,2021-05-14 15:21:19,,,Full,UN/Locode,BRSSZ,"Santos, SP, BR",Active,2021-05-13 21:23:04,2020-02-04 19:46:33,Hamburg SÃ¼d
48,1f7072be-b745-4e0d-a621-6f33600de294,1502964c-8a47-4f16-85c7-d17410900eb1,Actual gate out,Hamburg SÃ¼d,SUDU,Hamburg Sud,9PHL053347,actualGateOut,0,TransportEv,2019-12-03 09:10:00,TRUCK,,Export,,,2021-05-14 15:21:19,,,Empty,UN/Locode,USSAV,"Savannah, GA, US",Active,2021-05-13 21:23:04,2019-12-31 11:55:30,Hamburg SÃ¼d
49,138cf7b1-8c8c-4195-828b-0d3130134b18,4123fa13-5c3e-45ae-b52e-9100dc4992ad,Actual gate out,Maersk,MAEU,Maersk Line,587077536,actualGateOut,0,TransportEv,2019-10-18 04:21:00,KRMERC,,Export,KRPUS-HJNC,,2021-05-14 15:21:19,,,Empty,UN/Locode,KRPUS,"Busan, KR",Active,2021-05-13 21:23:04,2019-10-17 11:49:18,Maersk
50,2f359a1a-b888-4024-9047-e0c1134b0f47,b8d4d07b-06ee-40f8-bef9-556135714b33,Actual gate out,Maersk,MAEU,Maersk Line,587348568,actualGateOut,0,TransportEv,2019-11-13 15:56:00,MHATRK,,Transshipment,,,2021-05-14 15:21:19,,,Empty,UN/Locode,FRSXB,"Strasbourg, FR",Active,2021-05-13 21:23:04,2019-10-25 12:26:43,Maersk
51,3c740a22-1ba8-4928-b252-73f008cf94b4,d701d412-59b1-4209-87f0-d9545f6f9896,Actual gate out,Port of Tauranga,e1b89267-8840-4d5b-bb9d-c56a323594f3,Port of Tauranga,,actualGateOut,0,TransportEv,2020-01-24 02:53:05,,SCST-23493,Import,,,2021-05-14 15:21:19,,,Empty,UN/Locode,NZTRG,"Tauranga, NZ",Active,2021-05-13 21:23:04,2020-02-28 02:06:10,Hamburg SÃ¼d
52,2888295d-941d-497d-b376-371dd4f307db,7cdfc028-e4ec-4946-9843-a8724e5f039a,Actual loaded on barge,APM Terminals,APMT-ARBUE,APM Terminals Buenos Aires,,actualLoadedOnBarge,0,TransportEv,2019-08-15 12:23:46,PAR2_,94NB,Transshipment,,,2021-05-14 15:21:19,,,Full,UN/Locode,ARBUE,"Buenos Aires, AR",Active,2021-05-13 21:23:04,2020-01-13 17:00:36,Hamburg SÃ¼d
53,a3082add-7e10-4066-b111-0fb918dedde8,60f965d6-375c-481b-908b-ef5984353b59,Actual loaded on barge,APM Terminals,APMT-NLRTM,Port of Rotterdam (APMT),,actualLoadedOnBarge,0,TransportEv,2020-02-04 02:49:35,02329366,1865830,Import,,,2021-05-14 15:21:19,,,Full,UN/Locode,NLRTM,"Rotterdam, ZH, NL",Active,2021-05-13 21:23:04,2020-02-24 02:45:00,Hamburg SÃ¼d
54,144b38e4-60a3-47ff-85a6-3c78d157efb0,3acec9a0-b9b8-46a7-b6ec-4a78ae637a5b,Actual loaded on barge,APM Terminals,APMT-NLRTM,Port of Rotterdam (APMT),,actualLoadedOnBarge,0,TransportEv,2020-01-30 16:30:20,02329366,1865457,Import,,,2021-05-14 15:21:19,,,Full,UN/Locode,NLRTM,"Rotterdam, ZH, NL",Active,2021-05-13 21:23:04,2020-02-14 12:31:46,Maersk
55,fc2a557d-48b3-45f8-8d5d-75fbb71d416d,61199894-032f-4b94-a340-f12347bd3dac,Actual loaded on barge,APM Terminals,APMT-NLRTM,Port of Rotterdam (APMT),,actualLoadedOnBarge,0,TransportEv,2019-10-31 16:36:58,02329366,1855243,Import,,,2021-05-14 15:21:19,,,Full,UN/Locode,NLRTM,"Rotterdam, ZH, NL",Active,2021-05-13 21:23:04,2020-02-14 12:04:44,Hamburg SÃ¼d
56,0f62f46b-5551-4606-a328-d6d7a07721c5,a4b1950b-0ec1-4e50-9931-f2ed5422e5e8,Actual loaded on barge,APM Terminals,APMT-NLRTM,Port of Rotterdam (APMT),,actualLoadedOnBarge,0,TransportEv,2019-12-30 15:52:32,02329366,1862211,Import,,,2021-05-14 15:21:19,,,Full,UN/Locode,NLRTM,"Rotterdam, ZH, NL",Active,2021-05-13 21:23:04,2020-01-03 13:23:28,Maersk
57,cc7c1d54-a337-4456-a885-39486a00d17e,57b1f4a4-d993-422a-8bbe-c84317ce6edf,Actual loaded on rail,Maersk,MAEU,Maersk Line,589629728,actualLoadedOnRail,0,TransportEv,2019-12-24 03:00:00,,,Export,USMEMCS,,2021-05-14 15:21:19,,,Full,UN/Locode,USMEM,"Memphis, TN, US",Active,2021-05-13 21:23:04,2019-12-17 20:06:52,Maersk
58,65555993-75d0-4b41-922b-428a21c8141b,76a994a2-f0a1-49b5-9163-8bbef4093f6f,Actual loaded on rail,Maersk,MAEU,Maersk Line,910095040,actualLoadedOnRail,0,TransportEv,2020-01-18 08:09:00,,,Export,USDETCX,,2021-05-14 15:21:19,,,Full,UN/Locode,USDET,"Detroit, MI, US",Active,2021-05-13 21:23:04,2020-01-14 20:02:18,Maersk
59,f5e0abe5-a899-4f5c-a884-7141e1967dcc,beab2de6-de8d-4b06-81cf-243f1c1eb6cc,Actual loaded on rail,Maersk,MAEU,Maersk Line,606952203,actualLoadedOnRail,0,TransportEv,2020-02-14 18:46:00,,,Export,USCHI59,,2021-05-14 15:21:19,,,Full,UN/Locode,USCHI,"Chicago, IL, US",Active,2021-05-13 21:23:04,2020-02-05 17:53:40,Maersk
60,97e6c593-6fac-48a1-bea0-fcf650440638,84f13797-9584-4076-a522-74513dbfcfe0,Actual loaded on rail,"CSX, USA rail",CSXT,CSX Corporation Inc,606786883,actualLoadedOnRail,0,TransportEv,2019-11-09 21:26:00,,,Export,439904,,2021-05-14 15:21:19,,,Full,UN/Locode,USMEM,"Memphis, TN, US",Active,2021-05-13 21:23:04,2019-11-04 20:04:37,Maersk
61,d8c61d07-1902-4a09-8131-d7e528438b93,25a76020-ed64-4d7c-a774-394929739ec1,Actual loaded on rail,Maersk,MAEU,Maersk Line,586513129,actualLoadedOnRail,0,TransportEv,2019-11-27 19:27:00,,,Export,,,2021-05-14 15:21:19,,,Full,UN/Locode,USCHI,"Chicago, IL, US",Active,2021-05-13 21:23:04,2019-12-05 23:26:11,Maersk
62,214d1a38-fc93-4964-9577-ce3d928d4935,f149c210-6ba3-477f-853b-cf8a8d0bf938,Actual loaded on truck,APM Terminals,APMT-CRMOB,APMT-CRMOB,,actualLoadedOnTruck,0,TransportEv,2019-12-07 07:38:38,,946W,Import,,,2021-05-14 15:21:19,,,Empty,UN/Locode,CRMOB,"Moin, CR",Active,2021-05-13 21:23:04,2020-02-06 14:40:24,Maersk
63,d6c681d7-85dc-4904-8460-a96531364cb3,423c5728-113f-4d85-a999-13370e7cc6eb,Actual loaded on truck,Port of Houston,POH,POH,,actualLoadedOnTruck,0,TransportEv,2020-01-06 23:59:29,,,Transshipment,,,2021-05-14 15:21:19,,,Empty,UN/Locode,USHOU,"Houston, TX, US",Active,2021-05-13 21:23:04,2020-01-03 21:22:46,Maersk
64,17daccc4-dc3b-4540-8602-9178c660438a,40c65310-5edd-4d4d-a1cb-86fa15c0a22b,Actual loaded on truck,APM Terminals,APMT-NLRTM,Port of Rotterdam (APMT),,actualLoadedOnTruck,0,TransportEv,2020-01-13 13:49:18,,QH948W,Import,,,2021-05-14 15:21:19,,,Full,UN/Locode,NLRTM,"Rotterdam, ZH, NL",Active,2021-05-13 21:23:04,2019-12-11 06:05:06,Maersk
65,81c8a107-b972-482a-b5f0-a3d3d32dfe92,0b599d73-1066-484e-9f0d-7c820882c422,Actual loaded on truck,APM Terminals,APMT-CRMOB,APMT-CRMOB,,actualLoadedOnTruck,0,TransportEv,2019-10-06 01:49:21,,935S,Import,,,2021-05-14 15:21:19,,,Empty,UN/Locode,CRMOB,"Moin, CR",Active,2021-05-13 21:23:04,2019-10-23 02:54:15,Maersk
66,871033c5-2735-4b9d-a9db-7ee1c9a9edcc,6c9afcfc-2ed5-4e69-b6c4-285bd022da0d,Actual loaded on truck,APM Terminals,APMT-ESALG,APM Terminals Algeciras,,actualLoadedOnTruck,0,TransportEv,2020-02-25 14:17:44,,007W,Import,,,2021-05-14 15:21:19,,,Empty,UN/Locode,ESALG,"Algeciras, ES",Active,2021-05-13 21:23:04,2020-02-20 13:26:24,Maersk
67,7e5e1ceb-2536-4267-b15b-06106de9a7cf,82a85a42-f88a-4297-8a46-0ff95eb64342,Actual loaded on vessel,Hamburg SÃ¼d,SUDU,Hamburg Sud,9DUB003846,actualLoadedOnVessel,0,TransportEv,2020-01-16 02:00:00,9467445,003E,Transshipment,,,2021-05-14 15:21:19,,,Full,UN/Locode,BEANR,"Antwerpen, BE",Active,2021-05-13 21:23:04,2020-02-21 11:02:19,Hamburg SÃ¼d
68,15011349-5ad5-4e73-9400-e574a38b214e,612ce1fa-22b1-426d-afb3-9e0ddf6cacfb,Actual loaded on vessel,Maersk,MAEU,Maersk Line,606834459,actualLoadedOnVessel,0,TransportEv,2019-12-23 04:20:00,9633939,950N,Export,BRSSZ-SSA,,2021-05-14 15:21:19,,,Full,UN/Locode,BRSSZ,"Santos, SP, BR",Active,2021-05-13 21:23:04,2019-12-10 17:29:03,Maersk
69,091b8cde-1747-482e-8051-d56b0e478360,495056f5-5e72-4c24-ac76-bac1339d22fa,Actual loaded on vessel,Maersk,SEJJ,Sealand a Maersk Company,591549680,actualLoadedOnVessel,0,TransportEv,2020-02-20 10:54:00,9313917,007N,Export,TRISK-LIMAK,,2021-05-14 15:21:19,,,Full,UN/Locode,TRISK,"Iskenderun, TR",Active,2021-05-13 21:23:04,2020-02-13 10:30:53,Maersk
70,4c5a185e-defc-44f6-a6ab-fc8013b43db8,a0e93a95-be15-4c69-a621-b470f32e18d9,Actual loaded on vessel,Maersk,MAEU,Maersk Line,910147778,actualLoadedOnVessel,0,TransportEv,2020-02-19 14:51:00,9434929,007E,Transshipment,BEANR-BNFW,,2021-05-14 15:21:19,,,Full,UN/Locode,BEANR,"Antwerpen, BE",Active,2021-05-13 21:23:04,2020-01-22 16:49:00,Maersk
71,e16e686d-8b79-4532-b6b6-7c90685169c0,2c79b285-e7a0-433d-ab3f-fd51cea3833a,Actual loaded on vessel,Port of Houston,POH,POH,,actualLoadedOnVessel,0,TransportEv,2020-02-02 10:55:54,9298686,005E,Export,,,2021-05-14 15:21:19,,,Full,UN/Locode,USHOU,"Houston, TX, US",Active,2021-05-13 21:23:04,2019-12-24 13:18:12,Maersk
72,188a48a3-cd08-485c-aff6-566ebba2745c,c2ea9b28-32dd-443a-af43-39416e5bf48a,Actual rail arrival,Maersk,SEJJ,Sealand a Maersk Company,587040341,actualRailArrival,0,TransportEv,2019-10-23 21:38:00,,,Export,,,2021-05-14 15:21:19,,,Full,UN/Locode,DEGER,"Germersheim, RP, DE",Active,2021-05-13 21:23:04,2019-10-28 14:44:39,Maersk
73,06dd76b5-e8f8-40af-9d7d-4c00603b8ef5,2253a3f4-b287-47ca-bdb3-a1b943a991ae,Actual rail arrival,"CSX, USA rail",CSXT,CSX Corporation Inc,969824172,actualRailArrival,0,TransportEv,2020-02-02 14:06:00,,,Export,447850,,2021-05-14 15:21:19,,,Full,UN/Locode,USCHS,"Charleston, SC, US",Active,2021-05-13 21:23:04,2020-01-17 04:12:44,Maersk
74,6bab3f4c-c694-447e-860b-053996c54481,5c1df446-6a46-49ea-98a4-77d01c74180e,Actual rail arrival,Maersk,SEJJ,Sealand a Maersk Company,SGN241966,actualRailArrival,0,TransportEv,2019-11-15 11:01:00,,,Export,PLGDN-PLGDA,,2021-05-14 15:21:19,,,Full,UN/Locode,PLGDN,"Gdansk, PL",Active,2021-05-13 21:23:04,2019-11-18 16:19:24,Maersk
75,7f0b902d-0185-42e9-8604-2db38374da53,0a66a8be-4143-40dc-a040-3320b36eefc6,Actual rail arrival,Maersk,SEJJ,Sealand a Maersk Company,587076788,actualRailArrival,0,TransportEv,2019-10-30 21:12:00,,,Export,,,2021-05-14 15:21:19,,,Full,UN/Locode,DEGER,"Germersheim, RP, DE",Active,2021-05-13 21:23:04,2019-10-17 10:16:31,Maersk
76,2b008551-2eb5-42ce-9dad-0cc1ab017b48,0843765c-e979-4364-b781-c5c903dcbc6b,Actual rail arrival,Maersk,MAEU,Maersk Line,969794889,actualRailArrival,0,TransportEv,2019-12-08 01:39:00,,,Export,DEBRV-MSCBH,,2021-05-14 15:21:19,,,Full,UN/Locode,DEBRV,"Bremerhaven, HB, DE",Active,2021-05-13 21:23:04,2019-12-04 19:47:05,Maersk
77,4f06ffe4-fc07-47e7-92ac-56b3e68c30f3,424b5ad7-b8e8-4e5d-a108-efb181f576ff,Actual rail departure,"CSX, USA rail",CSXT,CSX Corporation Inc,587354809,actualRailDeparture,0,TransportEv,2019-12-26 08:15:00,,,Import,447850,,2021-05-14 15:21:19,,,Full,UN/Locode,USCHS,"Charleston, SC, US",Active,2021-05-13 21:23:04,2019-11-26 12:58:12,Maersk
78,63cb8c47-b254-4aa7-baf2-309028f6232a,70531663-aca0-484d-8ad5-86b224c58bff,Actual rail departure,Maersk,MAEU,Maersk Line,589234360,actualRailDeparture,0,TransportEv,2019-12-18 06:34:00,,,Export,BE5ZTRT,,2021-05-14 15:21:19,,,Empty,UN/Locode,BEAAT,"Athus, BE",Active,2021-05-13 21:23:04,2019-12-06 14:58:48,Maersk
79,e2467dfe-dddd-4c99-b5cb-f5c13d5ef83e,d92ef83a-24f9-49c9-830e-ca8cf2914c1c,Actual rail departure,Maersk,SEJJ,Sealand a Maersk Company,300359546,actualRailDeparture,0,TransportEv,2020-02-05 18:17:00,,,Transshipment,FRLEHMR,,2021-05-14 15:21:19,,,Empty,UN/Locode,FRLEH,"Le Havre, FR",Active,2021-05-13 21:23:04,2020-02-03 16:52:46,Maersk
80,69d72b4e-ce37-4eb3-ba5e-cabe14a07ef6,5da69a86-3495-41bf-bca0-f2555f3e14f1,Actual rail departure,Maersk,SEJJ,Sealand a Maersk Company,586963192,actualRailDeparture,0,TransportEv,2019-10-31 01:00:00,,,Transshipment,,,2021-05-14 15:21:19,,,Empty,UN/Locode,DECGN,"Koln, NW, DE",Active,2021-05-13 21:23:04,2019-10-21 21:19:48,Maersk
81,f8b472dc-f72c-4030-88dd-f18c63fcfd81,ea8b9915-04dc-441b-b2c7-90e4ab0758ca,Actual rail departure,Maersk,SEJJ,Sealand a Maersk Company,SGN251602,actualRailDeparture,0,TransportEv,2019-11-14 02:05:00,,,Export,,,2021-05-14 15:21:19,,,Full,UN/Locode,CZMEL,"Melnik, CZ",Active,2021-05-13 21:23:04,2019-10-22 23:05:53,Maersk
82,b7007c05-1572-4922-9d6b-5316f658fbf9,6d633204-bcbd-464c-8d4f-d897fdd50384,Actual vessel arrival,Maersk,MAEU,Maersk Line,587779987,actualVesselArrival,0,TransportEv,2019-12-24 16:37:00,9484481,947W,Import,BEANR-K1742,,2021-05-14 15:21:19,,,Full,UN/Locode,BEANR,"Antwerpen, BE",Active,2021-05-13 21:23:04,2019-11-07 05:36:51,Maersk
83,96ca52d7-5aba-4c3d-8141-82c009b065ff,3f7f9d16-ff31-47a6-bfbe-215826dd1c23,Actual vessel arrival,Hamburg SÃ¼d,SUDU,Hamburg Sud,0MAN000307,actualVesselArrival,0,TransportEv,2020-02-10 16:37:00,9699115,002S,Import,,,2021-05-14 15:21:19,,,Full,UN/Locode,ARBUE,"Buenos Aires, AR",Active,2021-05-13 21:23:04,2020-02-14 14:43:38,Hamburg SÃ¼d
84,c245a170-ffbc-4fef-b8d2-19897a5eaa12,4a5d368c-9f5c-456d-a521-6ee9657716b3,Actual vessel arrival,Maersk,MAEU,Maersk Line,969910582,actualVesselArrival,0,TransportEv,2020-01-14 21:18:00,9467445,950W,Import,BEANR-K1742,,2021-05-14 15:21:19,,,Full,UN/Locode,BEANR,"Antwerpen, BE",Active,2021-05-13 21:23:04,2019-12-07 05:28:19,Maersk
85,4333ec04-586a-4540-a640-219a11c0e1b3,d4ed840a-181d-4586-ac5e-d4d83ffb032c,Actual vessel arrival,Maersk,MAEU,Maersk Line,606802479,actualVesselArrival,0,TransportEv,2019-11-22 16:30:00,9633939,946S,Transshipment,FRLEH-QATL,,2021-05-14 15:21:19,,,Full,UN/Locode,FRLEH,"Le Havre, FR",Active,2021-05-13 21:23:04,2019-11-15 14:18:10,Maersk
86,c05d058a-9615-495f-ba73-3b0daffe81a7,c0a360b7-3ffe-4a83-9e7b-49f3a5f36253,Actual vessel arrival,Maersk,MAEU,Maersk Line,606934900,actualVesselArrival,0,TransportEv,2020-02-16 20:22:00,9357963,003N,Transshipment,MYTPP-PTP,,2021-05-14 15:21:19,,,Full,UN/Locode,MYTPP,"Tanjung Pelepas, MY",Active,2021-05-13 21:23:04,2020-01-22 23:02:25,Maersk
87,564bd219-3795-4030-beb2-9d91cb0d49e5,643fdf9f-6450-4eea-996c-fe1ec5d61a7c,Actual vessel departure,Hamburg SÃ¼d,SUDU,Hamburg Sud,9ANR024272,actualVesselDeparture,0,TransportEv,2019-11-10 22:10:00,9739680,945E,Export,,,2021-05-14 15:21:19,,,Full,UN/Locode,BEANR,"Antwerpen, BE",Active,2021-05-13 21:23:04,2019-12-22 07:25:26,Hamburg SÃ¼d
88,f67db415-607a-4a28-b533-9160c6d85d7d,acb1bba6-8974-4b9d-9cd7-2cf773405fb6,Actual vessel departure,Hamburg SÃ¼d,SUDU,Hamburg Sud,0SEA002085,actualVesselDeparture,0,TransportEv,2020-02-21 05:25:00,9200823,008E,Export,,,2021-05-14 15:21:19,,,Full,UN/Locode,USSEA,"Seattle, WA, US",Active,2021-05-13 21:23:04,2020-02-22 00:19:23,Hamburg SÃ¼d
89,503ab975-9b77-4dff-baac-250530d89d9e,2d5aeca2-ef32-4178-9b30-4fca5ba9d2e7,Actual vessel departure,Hamburg SÃ¼d,SUDU,Hamburg Sud,9BUE020840,actualVesselDeparture,0,TransportEv,2019-11-02 20:13:00,9622203,944N,Export,,,2021-05-14 15:21:19,,,Full,UN/Locode,ARBUE,"Buenos Aires, AR",Active,2021-05-13 21:23:04,2019-12-09 15:41:28,Hamburg SÃ¼d
90,d8796521-b23e-475f-bb0e-0a7f45a820e0,9763a70c-9b01-4ab0-a0c7-ad0aed1e022d,Actual vessel departure,KL-NET,KLNET,KLNET,,actualVesselDeparture,0,TransportEv,2019-11-02 05:08:00,9339868,944S,Export,KRPUS-HJNC,,2021-05-14 15:21:19,,,,UN/Locode,KRPUS,"Busan, KR",Active,2021-05-13 21:23:04,2019-11-15 10:26:46,Maersk
91,946a60a8-ddc7-444a-b6f0-371a75937ada,e4fc69f0-a68d-44ed-a247-19aa8225349f,Actual vessel departure,Maersk,MAEU,Maersk Line,591206521,actualVesselDeparture,0,TransportEv,2020-02-01 14:12:00,9839478,005E,Export,BEANR-K1742,,2021-05-14 15:21:19,,,Full,UN/Locode,BEANR,"Antwerpen, BE",Active,2021-05-13 21:23:04,2020-01-27 13:19:12,Maersk
92,d7ec162c-22f3-4eee-a3cd-992849579763,083339ef-1def-4ea4-977c-726d1d499909,Estimated barge arrival,Imoto Lines,IMTL,IMOTO LINES,590867196,estimatedBargeArrival,0,TransportEv,2020-02-05 04:00:00,8738134,125,Export,JPYOK-APMYOK,,2021-05-14 15:21:19,,,Full,UN/Locode,JPYOK,"Yokohama, JP",Active,2021-05-13 21:23:04,2020-01-28 02:35:55,Maersk
93,d7ec162c-22f3-4eee-a3cd-992849579763,1730dce9-3d3c-45d2-b6e8-34816ad6ad6d,Estimated barge arrival,Imoto Lines,IMTL,IMOTO LINES,590867196,estimatedBargeArrival,0,TransportEv,2020-02-05 04:00:00,8738134,125,Export,JPYOK-APMYOK,,2021-05-14 15:21:19,,,Full,UN/Locode,JPYOK,"Yokohama, JP",Active,2021-05-13 21:23:04,2020-01-28 02:35:55,Maersk
94,d7ec162c-22f3-4eee-a3cd-992849579763,1f8044e6-17bd-4261-bbe0-b4ccab8e654f,Estimated barge arrival,Imoto Lines,IMTL,IMOTO LINES,590867196,estimatedBargeArrival,0,TransportEv,2020-02-05 04:00:00,8738134,125,Export,JPYOK-APMYOK,,2021-05-14 15:21:19,,,Full,UN/Locode,JPYOK,"Yokohama, JP",Active,2021-05-13 21:23:04,2020-01-28 02:35:55,Maersk
95,d7ec162c-22f3-4eee-a3cd-992849579763,49a5c7fa-00b2-434d-822c-f2607d776cf0,Estimated barge arrival,Imoto Lines,IMTL,IMOTO LINES,590867196,estimatedBargeArrival,0,TransportEv,2020-02-05 04:00:00,8738134,125,Export,JPYOK-APMYOK,,2021-05-14 15:21:19,,,Full,UN/Locode,JPYOK,"Yokohama, JP",Active,2021-05-13 21:23:04,2020-01-28 02:35:55,Maersk
96,d7ec162c-22f3-4eee-a3cd-992849579763,57946200-fdbb-4b8b-b06f-ed7e7f8d2605,Estimated barge departure,Imoto Lines,IMTL,IMOTO LINES,590867196,estimatedBargeDeparture,0,TransportEv,2020-02-04 18:00:00,8738134,124,Export,JPSMZ-SDE,,2021-05-14 15:21:19,,,Full,UN/Locode,JPSMZ,"Shimizu, JP",Active,2021-05-13 21:23:04,2020-01-28 02:35:55,Maersk
97,d7ec162c-22f3-4eee-a3cd-992849579763,3cda710e-fcd3-4e80-b6c0-b447789ee859,Estimated barge departure,Imoto Lines,IMTL,IMOTO LINES,590867196,estimatedBargeDeparture,0,TransportEv,2020-02-04 18:00:00,8738134,124,Export,JPSMZ-SDE,,2021-05-14 15:21:19,,,Full,UN/Locode,JPSMZ,"Shimizu, JP",Active,2021-05-13 21:23:04,2020-01-28 02:35:55,Maersk
98,d7ec162c-22f3-4eee-a3cd-992849579763,9413d240-dc78-41d8-ae03-8caa17f02be9,Estimated barge departure,Imoto Lines,IMTL,IMOTO LINES,590867196,estimatedBargeDeparture,0,TransportEv,2020-02-04 18:00:00,8738134,124,Export,JPSMZ-SDE,,2021-05-14 15:21:19,,,Full,UN/Locode,JPSMZ,"Shimizu, JP",Active,2021-05-13 21:23:04,2020-01-28 02:35:55,Maersk
99,d7ec162c-22f3-4eee-a3cd-992849579763,6ef0dce9-81f2-4365-b829-457fbd82675e,Estimated loaded on barge,Imoto Lines,IMTL,IMOTO LINES,590867196,estimatedLoadedOnBarge,0,TransportEv,2020-02-04 18:00:00,8738134,124,Export,JPSMZ-SDE,,2021-05-14 15:21:19,,,Full,UN/Locode,JPSMZ,"Shimizu, JP",Active,2021-05-13 21:23:04,2020-01-28 02:35:55,Maersk
100,d7ec162c-22f3-4eee-a3cd-992849579763,0827235f-6b6b-44d9-87da-8718603eb750,Estimated loaded on barge,Imoto Lines,IMTL,IMOTO LINES,590867196,estimatedLoadedOnBarge,0,TransportEv,2020-02-04 18:00:00,8738134,124,Export,JPSMZ-SDE,,2021-05-14 15:21:19,,,Full,UN/Locode,JPSMZ,"Shimizu, JP",Active,2021-05-13 21:23:04,2020-01-28 02:35:55,Maersk
101,e6b2b4be-3b7b-4024-8d12-551c21882100,c284123b-cfa8-40ea-ab0b-e0be4521424e,Estimated barge arrival,Imoto Lines,IMTL,IMOTO LINES,,estimatedBargeArrival,0,TransportEv,2020-02-04 14:00:00,8738134,124,Import,JPSMZ-SDE,,2021-05-14 15:21:19,,,Full,UN/Locode,JPSMZ,"Shimizu, JP",Active,2021-05-13 21:23:04,2019-11-25 21:38:29,Maersk
102,e6b2b4be-3b7b-4024-8d12-551c21882100,754412c0-0a76-4e31-bad3-f992f98e729c,Estimated discharge from barge,Imoto Lines,IMTL,IMOTO LINES,,estimatedDischargeFromBarge,0,TransportEv,2020-02-04 18:00:00,8738134,124,Import,JPSMZ-SDE,,2021-05-14 15:21:19,,,Full,UN/Locode,JPSMZ,"Shimizu, JP",Active,2021-05-13 21:23:04,2019-11-25 21:38:29,Maersk
103,d5ae3f34-3279-4b80-9f4c-3773ae40325d,f1a4d86a-dfde-4273-a524-721776b03cc7,Estimated barge departure,Imoto Lines,IMTL,IMOTO LINES,,estimatedBargeDeparture,0,TransportEv,2020-02-11 02:30:00,8738134,126,Import,JPYOK-APMYOK,,2021-05-14 15:21:19,,,Full,UN/Locode,JPYOK,"Yokohama, JP",Active,2021-05-13 21:23:04,2019-12-03 16:30:39,Maersk
104,d5ae3f34-3279-4b80-9f4c-3773ae40325d,e3bab3d3-7a0d-4044-b6a2-974ad92a3c16,Estimated loaded on barge,Imoto Lines,IMTL,IMOTO LINES,,estimatedLoadedOnBarge,0,TransportEv,2020-02-11 02:30:00,8738134,126,Import,JPYOK-APMYOK,,2021-05-14 15:21:19,,,Full,UN/Locode,JPYOK,"Yokohama, JP",Active,2021-05-13 21:23:04,2019-12-03 16:30:39,Maersk
105,03e71ea5-8f76-49a9-8fc4-6463ad6f3c7e,f86b34b7-4d41-47af-bdda-a61b77b7e530,Estimated barge departure,Imoto Lines,IMTL,IMOTO LINES,,estimatedBargeDeparture,0,TransportEv,2020-02-11 02:30:00,8738134,126,Import,JPYOK-APMYOK,,2021-05-14 15:21:19,,,Full,UN/Locode,JPYOK,"Yokohama, JP",Active,2021-05-13 21:23:04,2019-12-02 22:07:33,Maersk
106,03e71ea5-8f76-49a9-8fc4-6463ad6f3c7e,b73593d1-deda-48f3-8ee4-c21229dc412e,Estimated discharge from barge,Imoto Lines,IMTL,IMOTO LINES,,estimatedDischargeFromBarge,0,TransportEv,2020-02-12 02:30:00,8738134,126,Import,JPSMZ-SDE,,2021-05-14 15:21:19,,,Full,UN/Locode,JPSMZ,"Shimizu, JP",Active,2021-05-13 21:23:04,2019-12-02 22:07:33,Maersk
107,03e71ea5-8f76-49a9-8fc4-6463ad6f3c7e,6b3fe49c-a5fc-42ce-830e-20a65bed128b,Estimated loaded on barge,Imoto Lines,IMTL,IMOTO LINES,,estimatedLoadedOnBarge,0,TransportEv,2020-02-11 02:30:00,8738134,126,Import,JPYOK-APMYOK,,2021-05-14 15:21:19,,,Full,UN/Locode,JPYOK,"Yokohama, JP",Active,2021-05-13 21:23:04,2019-12-02 22:07:33,Maersk
108,efdaba19-b8d8-41d4-b00e-02051be4028d,edc198db-9741-4b5b-a2d4-e38f8b62b656,Estimated discharge from barge,Imoto Lines,IMTL,IMOTO LINES,,estimatedDischargeFromBarge,0,TransportEv,2019-12-21 07:00:00,9089671,070,Import,JPHIC-HN02C,,2021-05-14 15:21:19,,,Full,UN/Locode,JPHIC,"Hitachinaka, JP",Active,2021-05-13 21:23:04,2019-10-08 16:51:10,Maersk
109,efdaba19-b8d8-41d4-b00e-02051be4028d,1cc8d647-aaba-4ca1-8cad-896f6f2af3d4,Estimated discharge from barge,Imoto Lines,IMTL,IMOTO LINES,,estimatedDischargeFromBarge,0,TransportEv,2019-12-21 07:00:00,9089671,070,Import,JPHIC-HN02C,,2021-05-14 15:21:19,,,Full,UN/Locode,JPHIC,"Hitachinaka, JP",Active,2021-05-13 21:23:04,2019-10-08 16:51:10,Maersk
110,efdaba19-b8d8-41d4-b00e-02051be4028d,441078b4-0522-4f11-84a7-f9aa837bc187,Estimated discharge from barge,Imoto Lines,IMTL,IMOTO LINES,,estimatedDischargeFromBarge,0,TransportEv,2019-12-21 07:00:00,9089671,070,Import,JPHIC-HN02C,,2021-05-14 15:21:19,,,Full,UN/Locode,JPHIC,"Hitachinaka, JP",Active,2021-05-13 21:23:04,2019-10-08 16:51:10,Maersk
111,ffbbab59-2402-4b26-a90c-429018eeb2b7,afd4dbe1-143a-473d-abbc-4d0624e5d400,Estimated discharge from vessel,Guaran Feeder S.A.,GFSP,Guaran Feeder S.A.,,estimatedDischargeFromVessel,0,TransportEv,2020-01-24 13:00:00,Guaran F 503,V2004S,Export,UYMVD-TCDP,,2021-05-14 15:21:19,,,Full,UN/Locode,UYMVD,"Montevideo, UY",Active,2021-05-13 21:23:04,2019-10-29 22:52:44,Maersk
112,82a47c26-bfdd-4f38-8d6c-46d12341cdad,84bc8658-0eed-426e-b45e-6f3a379f1560,Estimated discharge from vessel,Guaran Feeder S.A.,GFSP,Guaran Feeder S.A.,,estimatedDischargeFromVessel,0,TransportEv,2020-01-17 14:00:00,Guaran F 503,V2003S,Export,UYMVD-TCDP,,2021-05-14 15:21:19,,,Full,UN/Locode,UYMVD,"Montevideo, UY",Active,2021-05-13 21:23:04,2019-10-14 15:24:42,Maersk
113,82a47c26-bfdd-4f38-8d6c-46d12341cdad,b10afcd1-a391-4fae-9fae-42a42de70686,Estimated loaded on vessel,Guaran Feeder S.A.,GFSP,Guaran Feeder S.A.,,estimatedLoadedOnVessel,0,TransportEv,2020-01-14 16:00:00,Guaran F 503,V2003S,Export,ARZAE-TZARA,,2021-05-14 15:21:19,,,Full,UN/Locode,ARZAE,"Zarate, AR",Active,2021-05-13 21:23:04,2019-10-14 15:24:42,Maersk
114,82a47c26-bfdd-4f38-8d6c-46d12341cdad,21ada379-cedc-4661-893a-eacfc632823a,Estimated loaded on vessel,Guaran Feeder S.A.,GFSP,Guaran Feeder S.A.,,estimatedLoadedOnVessel,0,TransportEv,2020-01-14 16:00:00,Guaran F 503,V2003S,Export,ARZAE-TZARA,,2021-05-14 15:21:19,,,Full,UN/Locode,ARZAE,"Zarate, AR",Active,2021-05-13 21:23:04,2019-10-14 15:24:42,Maersk
115,82a47c26-bfdd-4f38-8d6c-46d12341cdad,76a7492f-c9d7-42ae-8006-935a8f71bc11,Estimated loaded on vessel,Guaran Feeder S.A.,GFSP,Guaran Feeder S.A.,,estimatedLoadedOnVessel,0,TransportEv,2020-01-21 22:00:00,Guaran F 503,V2004S,Export,ARZAE-TZARA,,2021-05-14 15:21:19,,,Full,UN/Locode,ARZAE,"Zarate, AR",Active,2021-05-13 21:23:04,2019-10-14 15:24:42,Maersk
116,d2fdb748-8903-4a6d-96e5-c9a588eb9af7,4340e452-a0fc-4988-b4e9-87c35aef38cf,Estimated discharge from vessel,Guaran Feeder S.A.,GFSP,Guaran Feeder S.A.,,estimatedDischargeFromVessel,0,TransportEv,2020-01-24 13:00:00,Guaran F 503,V2004S,Export,UYMVD-TCDP,,2021-05-14 15:21:19,,,Full,UN/Locode,UYMVD,"Montevideo, UY",Active,2021-05-13 21:23:04,2019-10-25 08:03:39,Maersk
117,d2fdb748-8903-4a6d-96e5-c9a588eb9af7,7aa9c2e9-5746-4dfe-a239-a9ee1bd247bd,Estimated discharge from vessel,Guaran Feeder S.A.,GFSP,Guaran Feeder S.A.,,estimatedDischargeFromVessel,0,TransportEv,2019-12-28 21:00:00,Guaran F 503,V1936S,Export,UYMVD-TCDP,,2021-05-14 15:21:19,,,Full,UN/Locode,UYMVD,"Montevideo, UY",Active,2021-05-13 21:23:04,2019-10-25 08:03:39,Maersk
118,5eb5e2df-ae28-4ff4-8b88-8e7751babd8c,13dbcab8-2727-44a0-b689-407be5dc5f8e,Estimated discharge from vessel,Guaran Feeder S.A.,GFSP,Guaran Feeder S.A.,,estimatedDischargeFromVessel,0,TransportEv,2019-12-28 21:00:00,Guaran F 503,V1936S,Export,UYMVD-TCDP,,2021-05-14 15:21:19,,,Full,UN/Locode,UYMVD,"Montevideo, UY",Active,2021-05-13 21:23:04,2019-09-30 23:44:50,Maersk
119,5eb5e2df-ae28-4ff4-8b88-8e7751babd8c,bd2ba57d-808b-42c0-8023-60cbf0482180,Estimated loaded on vessel,Guaran Feeder S.A.,GFSP,Guaran Feeder S.A.,,estimatedLoadedOnVessel,0,TransportEv,2019-12-05 11:00:00,Guaran F 503,V1933S,Export,ARZAE-TZARA,,2021-05-14 15:21:19,,,Full,UN/Locode,ARZAE,"Zarate, AR",Active,2021-05-13 21:23:04,2019-09-30 23:44:50,Maersk
120,5eb5e2df-ae28-4ff4-8b88-8e7751babd8c,bc32c60a-c89f-4ca2-8d3b-7da149a5175c,Estimated loaded on vessel,Guaran Feeder S.A.,GFSP,Guaran Feeder S.A.,,estimatedLoadedOnVessel,0,TransportEv,2019-12-05 11:00:00,Guaran F 503,V1933S,Export,ARZAE-TZARA,,2021-05-14 15:21:19,,,Full,UN/Locode,ARZAE,"Zarate, AR",Active,2021-05-13 21:23:04,2019-09-30 23:44:50,Maersk
121,577e5ecd-5a91-4100-b7f5-c990fa33d645,7a3f5f6e-aced-4e4a-86cd-3ee9c26fd9c1,Estimated gate in,KL-NET,KLNET,KLNET,,estimatedGateIn,0,TransportEv,2019-12-30 04:00:00,HJTD4386,,Import,KRINC-HJITC,,2021-05-14 15:21:19,,,Empty,UN/Locode,KRINC,"Incheon, KR",Active,2021-05-13 21:23:04,2019-10-25 14:47:16,Maersk
122,bb8c1f01-a3bb-4428-b065-9a2591cd7b96,a7c9d3f3-64bc-4b3e-b5f8-cf8bbf8dc76f,Estimated gate in,KL-NET,KLNET,KLNET,,estimatedGateIn,0,TransportEv,2020-01-08 01:00:00,ABCD6101,,Import,,,2021-05-14 15:21:19,,,Empty,UN/Locode,KRSEL,"Seoul, KR",Active,2021-05-13 21:23:04,2019-10-29 10:23:26,Maersk
123,b3655b17-b7ef-459a-84be-c51b217aa1e3,9b904ad1-dd62-4a5a-9d68-7fe8dd847102,Estimated gate in,KL-NET,KLNET,KLNET,,estimatedGateIn,0,TransportEv,2020-02-28 08:00:00,HSLO7422,,Export,KRPUS-HJNC,,2021-05-14 15:21:19,,,Full,UN/Locode,KRPUS,"Busan, KR",Active,2021-05-13 21:23:04,2020-02-25 04:13:09,Maersk
124,61a58806-14f4-4780-a908-5aba046a496c,8e04e693-4c32-4b60-ad8d-e0b9f67e9889,Estimated gate in,KL-NET,KLNET,KLNET,,estimatedGateIn,0,TransportEv,2020-02-08 09:00:00,AWAA5896,,Export,KRPUS-HJNC,,2021-05-14 15:21:19,,,Full,UN/Locode,KRPUS,"Busan, KR",Active,2021-05-13 21:23:04,2020-02-01 02:14:03,Maersk
125,3a395fdf-ac54-471f-9275-19c3950940bd,7afb59a6-6d9c-446c-b311-cbcbe0cac56a,Estimated gate out,KL-NET,KLNET,KLNET,,estimatedGateOut,0,TransportEv,2020-01-14 10:00:00,SSOK4936,,Import,KRPUS-PNP,,2021-05-14 15:21:19,,,Full,UN/Locode,KRPUS,"Busan, KR",Active,2021-05-13 21:23:04,2019-11-27 16:42:26,Maersk
126,4c069dc1-5e90-4c0b-bb75-d39c6d70ab56,9608da95-eae4-420d-9a2c-4343f4e02717,Estimated gate out,KL-NET,KLNET,KLNET,,estimatedGateOut,0,TransportEv,2020-01-22 09:00:00,INTG8083,,Import,KRPUS-PNP,,2021-05-14 15:21:19,,,Full,UN/Locode,KRPUS,"Busan, KR",Active,2021-05-13 21:23:04,2019-12-02 20:41:32,Maersk
127,9fc47eb2-c08a-421a-9363-814fc1828be0,cae1f823-8d03-44de-95f1-5515482a43a8,Estimated gate out,KL-NET,KLNET,KLNET,,estimatedGateOut,0,TransportEv,2020-02-21 16:47:00,YB9S9625,,Export,KRPUS-HBCT,,2021-05-14 15:21:19,,,Full,UN/Locode,KRPUS,"Busan, KR",Active,2021-05-13 21:23:04,2020-02-06 03:30:37,Maersk
128,9ea91aa0-248d-4b91-b0a8-d959889b6029,e734bc1b-b06c-47db-931f-9d2b3d39cd2d,Estimated gate out,KL-NET,KLNET,KLNET,,estimatedGateOut,0,TransportEv,2019-08-28 09:41:00,YB9S7395,,Export,KRPUS-HBCT,,2021-05-14 15:21:19,,,Full,UN/Locode,KRPUS,"Busan, KR",Active,2021-05-13 21:23:04,2019-12-24 10:46:29,Hamburg SÃ¼d
129,973325f7-4002-4365-9c4c-56885470a3c7,5ec9c6e8-7aae-437d-9425-0ac1009c4989,Estimated gate out,KL-NET,KLNET,KLNET,,estimatedGateOut,0,TransportEv,2019-10-25 11:00:00,SAMB1291,,Export,,,2021-05-14 15:21:19,,,Full,UN/Locode,KRPUS,"Busan, KR",Active,2021-05-13 21:23:04,2019-10-14 11:37:03,Maersk
130,a4da95b9-8438-4467-8064-27de3e5d2e7b,9380c3b1-2460-46fc-a919-bf0e612c1872,Estimated loaded on barge,Imoto Lines,IMTL,IMOTO LINES,,estimatedLoadedOnBarge,0,TransportEv,2019-12-04 10:00:00,9729788,035,Import,JPYOK-APMYOK,,2021-05-14 15:21:19,,,Full,UN/Locode,JPYOK,"Yokohama, JP",Active,2021-05-13 21:23:04,2019-10-08 15:16:41,Maersk
131,295c7dd6-1d5b-4882-aa64-1c8f9f2424d2,75137094-ff3b-4f80-84c1-9baae960f226,Estimated vessel arrival,Maersk,MAEU,Maersk Line,969850312,estimatedVesselArrival,0,TransportEv,2019-12-08 22:00:00,9786750,945N,Import,BEANR-BNFW,,2021-05-14 15:21:19,,,Full,UN/Locode,BEANR,"Antwerpen, BE",Active,2021-05-13 21:23:04,2019-11-25 21:45:46,Maersk
132,6a2ed68e-79fa-410d-a77f-3b2c451a59d3,5524e488-e080-4e5f-acec-ab7cf081259e,Estimated vessel arrival,Maersk,MAEU,Maersk Line,606864839,estimatedVesselArrival,0,TransportEv,2020-03-01 16:00:00,9777216,005E,Import,CNTAO-QQCTX,,2021-05-14 15:21:19,,,Full,UN/Locode,CNTAO,"Qingdao, CN",Active,2021-05-13 21:23:04,2019-12-30 16:15:10,Maersk
133,94153802-96ae-4f81-983c-a27afec09fc7,0a6e8e15-616a-414c-bf3b-f615b7ce6a15,Estimated vessel arrival,Maersk,MAEU,Maersk Line,606879457,estimatedVesselArrival,0,TransportEv,2020-02-07 06:00:00,,294G,Import,IDBTITM,,2021-05-14 15:21:19,,,Full,UN/Locode,IDBTM,"Batam Island, KR, ID",Active,2021-05-13 21:23:04,2019-12-30 10:05:37,Maersk
134,41b250a6-e190-4787-9fbe-294123f1c822,8f25bb69-b7e5-44ac-88da-5f4577a4e4bc,Estimated vessel arrival,Maersk,MAEU,Maersk Line,590525838,estimatedVesselArrival,0,TransportEv,2020-02-05 01:00:00,9694531,004W,Import,USNYC-PNCT,,2021-05-14 15:21:19,,,Full,UN/Locode,USEWR,"Newark, NJ, US",Active,2021-05-13 21:23:04,2020-01-17 10:19:17,Maersk
135,3d43ac40-2e7d-4292-8d8b-223d764757b8,04ba0e30-dc38-46f5-827c-e51935b0b084,Estimated vessel departure,Maersk,SEJJ,Sealand a Maersk Company,SGN263833,estimatedVesselDeparture,0,TransportEv,2019-11-21 06:00:00,9283186,946S,Export,BEANR-K913,,2021-05-14 15:21:19,,,Full,UN/Locode,BEANR,"Antwerpen, BE",Active,2021-05-13 21:23:04,2019-11-13 13:27:41,Maersk
136,0abd3ffe-50c8-4b8d-9ba7-10729b25c54d,a0da9c3a-05a6-4517-a078-039d283c4f6e,Estimated vessel departure,Maersk,MAEU,Maersk Line,589853034,estimatedVesselDeparture,0,TransportEv,2020-01-15 06:01:00,9369734,002E,Export,USSAV-GCMT,,2021-05-14 15:21:19,,,Full,UN/Locode,USSAV,"Savannah, GA, US",Active,2021-05-13 21:23:04,2020-01-09 05:19:52,Maersk
137,0020b898-46bf-4343-b9e5-61213ef486f0,fb7674c6-055e-4ac3-8641-8df1f17f962a,Estimated vessel departure,Maersk,MAEU,Maersk Line,606867645,estimatedVesselDeparture,0,TransportEv,2020-01-04 14:00:00,9399038,001E,Export,BEANR-K1742,,2021-05-14 15:21:19,,,Full,UN/Locode,BEANR,"Antwerpen, BE",Active,2021-05-13 21:23:04,2019-12-13 18:02:23,Maersk
138,56fd5516-32bb-49ac-ac0a-45a68000e960,40678958-a2b3-4e56-b515-92ebc7f1def2,Estimated vessel departure,Maersk,SEJJ,Sealand a Maersk Company,588919277,estimatedVesselDeparture,0,TransportEv,2020-01-05 12:59:00,9348065,001S,Export,BEANR-K913,,2021-05-14 15:21:19,,,Full,UN/Locode,BEANR,"Antwerpen, BE",Active,2021-05-13 21:23:04,2019-12-30 11:07:46,Maersk
139,25f6184e-1226-41d6-bf93-2d96da5f134e,91b6f1df-99f9-4a9b-aa9a-4538343ecfa7,Estimated vessel departure,Maersk,MAEU,Maersk Line,606783775,estimatedVesselDeparture,0,TransportEv,2019-11-04 01:00:00,9298686,945W,Export,,,2021-05-14 15:21:19,,,Full,UN/Locode,BEANR,"Antwerpen, BE",Active,2021-05-13 21:23:04,2019-10-24 13:17:59,Maersk
140,4c02a075-f622-4bd8-b00a-94573cd415df,d971b558-69c1-4e7c-bfe6-f2c6a5aacec3,Planned barge arrival,Maersk,MAEU,Maersk Line,591204186,plannedBargeArrival,0,TransportEv,2020-03-31 23:00:00,,,Import,BEWBK01,,2020-02-13 05:13:55,8.0,10.0,Full,UN/Locode,BEWLB,"Willebroek, BE",Active,2021-05-13 21:23:04,2020-02-01 08:13:27,Maersk
141,ac58abc8-f37c-419c-800b-72048d8fe776,f99b30be-6388-4cc3-9e78-27486d821505,Planned barge arrival,Hamburg SÃ¼d,SUDU,Hamburg Sud,9ANR028911,plannedBargeArrival,0,TransportEv,2020-01-13 12:00:00,,,Export,BEANR0869,,2020-01-13 09:39:01,4.0,8.0,Full,UN/Locode,BEANR,"Antwerpen, BE",Active,2021-05-13 21:23:04,2020-02-22 16:28:11,Hamburg SÃ¼d
142,bac3b8d8-d61b-4558-9137-7029bfcc5f39,8a8567ae-9fd3-4303-ace1-241d21a7bf06,Planned barge arrival,Maersk,MAEU,Maersk Line,910009536,plannedBargeArrival,0,TransportEv,2020-01-30 17:00:00,,,Import,BEAAFTM,,2019-12-17 08:04:24,6.0,6.0,Full,UN/Locode,BEANB,"Angleur, BE",Active,2021-05-13 21:23:04,2019-12-17 08:11:44,Maersk
143,3a1c52fc-63d5-4526-a75c-c665c3fe8fea,339d23a3-8424-4aaf-84b8-57bd3e98cf78,Planned barge arrival,Hamburg SÃ¼d,SUDU,Hamburg Sud,9ANR022267,plannedBargeArrival,0,TransportEv,2019-10-31 06:00:00,,,Transshipment,MAPTMAPM2,,2019-10-20 11:26:03,8.0,10.0,Full,UN/Locode,MAPTM,"Tanger Med, MA",Active,2021-05-13 21:23:04,2019-12-21 09:32:20,Hamburg SÃ¼d
144,b321490f-045d-4f2d-8025-5445efb48802,2d969588-0319-448e-bf17-b78587f2d8c6,Planned barge arrival,Hamburg SÃ¼d,SUDU,Hamburg Sud,9DAI000816,plannedBargeArrival,0,TransportEv,2019-12-02 13:00:00,,,Export,BEANR0869,,2020-02-15 20:27:00,2.0,4.0,Full,UN/Locode,BEANR,"Antwerpen, BE",Active,2021-05-13 21:23:04,2020-02-16 16:36:03,Hamburg SÃ¼d
145,6c084968-29a0-4a83-963b-7715c182f89b,917fd8fb-e530-45ce-8bc1-44985948998d,Planned barge departure,Hamburg SÃ¼d,SUDU,Hamburg Sud,9STR009915,plannedBargeDeparture,0,TransportEv,2019-12-13 11:00:00,,,Export,FRSXBSUDX,,2019-12-19 14:45:02,3.0,8.0,Full,UN/Locode,FRSXB,"Strasbourg, FR",Active,2021-05-13 21:23:04,2020-02-14 10:54:15,Hamburg SÃ¼d
146,fa6b2f11-13a4-4318-9b1d-77c9eecbb62b,47ef44ac-18c3-4cd6-af8b-dd829a9ee239,Planned barge departure,Hamburg SÃ¼d,SUDU,Hamburg Sud,9ANR026877,plannedBargeDeparture,0,TransportEv,2019-12-07 12:00:00,,,Export,DEDUIRRTX,,2019-12-11 12:43:08,3.0,6.0,Full,UN/Locode,DEDUI,"Duisburg, NW, DE",Active,2021-05-13 21:23:04,2020-02-14 12:04:24,Hamburg SÃ¼d
147,8de73623-9e78-4b61-9394-bab902b09e74,3d3d759b-d445-418b-83db-020fd0fe6c11,Planned barge departure,Hamburg SÃ¼d,SUDU,Hamburg Sud,9ANR025340,plannedBargeDeparture,0,TransportEv,2019-11-19 15:00:00,,,Export,DEDUIDCTX,,2019-11-20 15:38:00,3.0,10.0,Full,UN/Locode,DEDUI,"Duisburg, NW, DE",Active,2021-05-13 21:23:04,2020-02-11 16:42:00,Hamburg SÃ¼d
148,a75c74b2-7a7b-4cab-8be4-c80456fc0454,f08ca85d-803c-4d6f-a3e6-5ff049cd131d,Planned barge departure,Hamburg SÃ¼d,SUDU,Hamburg Sud,0ANR000993,plannedBargeDeparture,0,TransportEv,2020-01-31 12:00:00,,,Export,DECGNCTSX,,2020-01-28 12:32:02,3.0,6.0,Full,UN/Locode,DECGN,"Koln, NW, DE",Active,2021-05-13 21:23:04,2020-02-28 23:48:43,Hamburg SÃ¼d
149,8f289f6d-1775-4588-af74-55360e966555,33201025-c32b-4f7a-98d7-74628b1ea6d5,Planned barge departure,Hamburg SÃ¼d,SUDU,Hamburg Sud,9BUE023511,plannedBargeDeparture,0,TransportEv,2019-12-13 15:00:00,,,Import,BEANR0869,,2019-11-08 23:25:04,3.0,6.0,Full,UN/Locode,BEANR,"Antwerpen, BE",Active,2021-05-13 21:23:04,2019-12-20 09:42:20,Hamburg SÃ¼d
150,996d86eb-4d35-46fa-9c95-e384541c1be4,7bf8eeb3-39f5-4db5-8e21-24e2f5ee7f1c,Planned gate in,Maersk,SEJJ,Sealand a Maersk Company,SGN249761,plannedGateIn,0,TransportEv,2019-11-02 08:00:00,,,Export,IEDUB-MTL,,2019-11-14 05:19:13,2.0,8.0,Full,UN/Locode,IEDUB,"Dublin, IE",Active,2021-05-13 21:23:04,2019-11-01 17:41:26,Maersk
151,1860b537-5765-4ac3-9a47-764edf7f357c,d1f1ce5b-4de2-4123-81d0-e054a6f97b4b,Planned gate in,Maersk,SEJJ,Sealand a Maersk Company,590629421,plannedGateIn,0,TransportEv,2020-02-12 08:00:00,,,Import,GBHTP,"Hartlepool, GB",2020-01-09 13:35:41,4.0,4.0,Full,UN/Locode,GBHTP,"Hartlepool, GB",Canceled,2021-05-13 21:23:04,2020-01-10 11:45:03,Maersk
152,0a6967d6-7a56-452d-a596-1a73597a36ec,9251f92b-6278-4f7a-980a-ea42930fedbe,Planned gate in,Hamburg SÃ¼d,SUDU,Hamburg Sud,9FRA005739,plannedGateIn,0,TransportEv,2019-10-26 08:00:00,,,Export,DEMHGCONT,,2019-10-30 22:29:02,2.0,8.0,Full,UN/Locode,DEMHG,"Mannheim, BW, DE",Active,2021-05-13 21:23:04,2019-11-29 14:25:05,Hamburg SÃ¼d
153,07ee781e-7e42-4272-a512-aa7030d5cba5,ef26f15b-6d75-45a9-88d3-e252d5de69c0,Planned gate in,Hamburg SÃ¼d,SUDU,Hamburg Sud,0HAM001404,plannedGateIn,0,TransportEv,2020-02-04 08:00:00,,,Export,DEFRACONT,,2020-02-07 14:52:03,2.0,6.0,Full,UN/Locode,DEFRA,"Frankfurt am Main, HE, DE",Active,2021-05-13 21:23:04,2020-02-29 11:34:04,Hamburg SÃ¼d
154,eece8c48-2208-45b8-8be0-8201b6425dd9,559a2315-6810-4d8d-ba7f-7853524276b3,Planned gate in,Maersk,MAEU,Maersk Line,587498254,plannedGateIn,0,TransportEv,2019-11-09 05:30:00,,,Transshipment,LKCMB-CICT,,2019-10-30 04:42:23,6.0,12.0,Full,UN/Locode,LKCMB,"Colombo, LK",Active,2021-05-13 21:23:04,2019-10-30 04:50:18,Maersk
155,427c3569-5bd3-4c6a-b4a9-056f4b3181dc,4ebd4cfd-6d2b-43f3-9bb0-3ea115dec4b4,Planned gate out,Hamburg SÃ¼d,SUDU,Hamburg Sud,0ANR003681,plannedGateOut,0,TransportEv,2020-03-03 18:00:00,,,Export,DEFRAF3AI,,2020-03-06 00:03:03,1.0,6.0,Full,UN/Locode,DEFRA,"Frankfurt am Main, HE, DE",Active,2021-05-13 21:23:04,2020-03-06 17:04:20,Hamburg SÃ¼d
156,d51c1a07-fe7c-43da-ace3-503e54b616b3,e17c84ad-5a24-401c-9701-61bf74928359,Planned gate out,Maersk,MAEU,Maersk Line,590762041,plannedGateOut,0,TransportEv,2020-02-20 02:00:00,,,Import,BEWBK01,,2020-01-18 12:12:13,7.0,8.0,Full,UN/Locode,BEWLB,"Willebroek, BE",Active,2021-05-13 21:23:04,2020-01-28 05:28:01,Maersk
157,8f34d461-a746-4b54-aded-77079811b18c,5ca65463-49a1-49ed-9cfc-b67337e752c6,Planned gate out,Hamburg SÃ¼d,SUDU,Hamburg Sud,0MER000311,plannedGateOut,0,TransportEv,2020-02-23 17:00:00,,,Import,GBBELCONT,,2020-02-10 10:42:02,7.0,8.0,Full,UN/Locode,GBBEL,"Belfast, GB",Active,2021-05-13 21:23:04,2020-02-25 18:15:11,Hamburg SÃ¼d
158,2186f138-d471-4ae7-bb6e-19991bcbedf3,8821038f-0dd0-47c7-8744-a8f065c8133a,Planned gate out,Hamburg SÃ¼d,SUDU,Hamburg Sud,9ANR025850,plannedGateOut,0,TransportEv,2019-11-19 16:00:00,,,Export,,,2019-11-12 13:28:00,1.0,4.0,Full,UN/Locode,BEWEV,"Wevelgem, BE",Active,2021-05-13 21:23:04,2019-12-02 12:36:30,Hamburg SÃ¼d
159,dfb9871b-7001-4e51-bbdf-1a081f6aeb4f,b0bf5516-09fe-4913-b68e-fe0a479e3dbd,Planned gate out,Hamburg SÃ¼d,SUDU,Hamburg Sud,0DUB000016,plannedGateOut,0,TransportEv,2020-01-10 18:00:00,,,Export,BEANR0869,,2020-02-10 20:31:00,3.0,10.0,Full,UN/Locode,BEANR,"Antwerpen, BE",Active,2021-05-13 21:23:04,2020-02-12 13:39:10,Hamburg SÃ¼d
160,32fa6f14-5bea-4f4c-8d96-2f217ebc9b8a,1dbbbc22-712e-46a6-98e4-cc4a0dc3ee57,Planned rail arrival,Hamburg SÃ¼d,SUDU,Hamburg Sud,9HAM026836,plannedRailArrival,0,TransportEv,2019-12-10 13:00:00,,,Import,USCHICXBP,,2019-12-10 17:53:07,8.0,8.0,Full,UN/Locode,USCHI,"Chicago, IL, US",Active,2021-05-13 21:23:04,2019-12-10 19:31:40,Hamburg SÃ¼d
161,082bca83-9e86-49f7-9345-a55d892988e7,61c70c84-ee91-40a2-aea1-7019ffa2467f,Planned rail arrival,Hamburg SÃ¼d,SUDU,Hamburg Sud,9RTM016244,plannedRailArrival,0,TransportEv,2020-02-19 20:30:00,,,Import,INTKDTUGH,,2020-01-24 09:25:04,4.0,4.0,Full,UN/Locode,INTKD,"Tughlakabad, DL, IN",Active,2021-05-13 21:23:04,2020-02-18 09:39:10,Hamburg SÃ¼d
162,2233f5f3-d9a2-4998-8ac0-db650e905728,c1234eb9-4877-4abf-bf34-32892268afd3,Planned rail arrival,Hamburg SÃ¼d,SUDU,Hamburg Sud,9BRE027982,plannedRailArrival,0,TransportEv,2020-01-25 14:00:00,,,Import,USCMHCXCO,,2020-01-07 08:31:07,8.0,10.0,Full,UN/Locode,USCMH,"Columbus, OH, US",Active,2021-05-13 21:23:04,2020-02-14 12:17:01,Hamburg SÃ¼d
163,9d572b43-15ae-4cc9-96fe-b768876d8dcd,5781cf62-c1fa-447e-b08f-c0d0e6d5836c,Planned rail arrival,Hamburg SÃ¼d,SUDU,Hamburg Sud,9LEH014523,plannedRailArrival,0,TransportEv,2020-02-17 19:00:00,,,Import,NZMKLMPOR,,2019-12-09 17:52:01,6.0,6.0,Full,UN/Locode,NZMKL,"Metroport/Auckland, NZ",Active,2021-05-13 21:23:04,2020-02-18 04:01:10,Hamburg SÃ¼d
164,48021ec9-a5f4-466c-883f-3ae791425602,2dbf7e23-5c37-44a6-9a95-c8dae497ab2d,Planned rail arrival,Hamburg SÃ¼d,SUDU,Hamburg Sud,9ZRH007800,plannedRailArrival,0,TransportEv,2019-11-26 12:00:00,,,Import,USATLCXFA,,2019-11-20 16:52:00,4.0,4.0,Full,UN/Locode,USATL,"Atlanta, GA, US",Active,2021-05-13 21:23:04,2019-12-03 20:26:10,Hamburg SÃ¼d
165,987c0237-fd84-4bc1-9b82-04437d961036,391ff2fd-42b8-4134-947e-af646407cf68,Planned rail departure,Hamburg SÃ¼d,SUDU,Hamburg Sud,9JAX060572,plannedRailDeparture,0,TransportEv,2019-10-11 21:30:00,,,Export,PABLBPANA,,2019-09-26 04:25:14,3.0,6.0,Full,UN/Locode,PABLB,"Balboa, PA",Active,2021-05-13 21:23:04,2019-11-05 12:25:42,Hamburg SÃ¼d
166,53e0dd47-85b4-48d7-86c7-aba0fbf26762,810dd654-7665-4569-958c-bc320974bd6f,Planned rail departure,Hamburg SÃ¼d,SUDU,Hamburg Sud,9RTM012487,plannedRailDeparture,0,TransportEv,2019-11-07 19:00:00,,,Import,USNYCPNCT,,2019-11-12 10:26:06,7.0,8.0,Full,UN/Locode,USNYC,"New York, NY, US",Active,2021-05-13 21:23:04,2019-11-21 23:41:24,Hamburg SÃ¼d
167,edf11deb-beff-4d87-be4c-c6cc4c8eb538,846411b6-cef4-4058-871d-99f27c643b35,Planned rail departure,Hamburg SÃ¼d,SUDU,Hamburg Sud,0BEL000035,plannedRailDeparture,0,TransportEv,2020-02-04 00:00:00,,,Import,USCHSNCMT,,2020-01-19 20:31:01,5.0,8.0,Full,UN/Locode,USCHS,"Charleston, SC, US",Active,2021-05-13 21:23:04,2020-02-13 18:44:07,Hamburg SÃ¼d
168,fe52a296-31e8-4b22-b683-ff6526be4781,8e737543-28b9-4ac8-bb8b-8f1923bac06f,Planned rail departure,Hamburg SÃ¼d,SUDU,Hamburg Sud,9RTM015664,plannedRailDeparture,0,TransportEv,2020-02-06 19:00:00,,,Import,USNYCPNCT,,2020-01-17 12:34:07,3.0,6.0,Full,UN/Locode,USNYC,"New York, NY, US",Active,2021-05-13 21:23:04,2020-02-13 00:26:24,Hamburg SÃ¼d
169,bfb02342-10bd-4c1a-94b7-9f4e2c0af984,284f4888-ef19-48ed-b569-8572c0249ccf,Planned rail departure,Hamburg SÃ¼d,SUDU,Hamburg Sud,9BRE023945,plannedRailDeparture,0,TransportEv,2019-12-05 22:00:00,,,Import,USBALSGMT,,2019-12-12 17:36:05,7.0,10.0,Full,UN/Locode,USBAL,"Baltimore, MD, US",Active,2021-05-13 21:23:04,2019-12-13 01:34:26,Hamburg SÃ¼d
170,30a19eb5-cf2d-4675-931c-5020e6a77eb3,8ca0cd94-90d9-4011-a01c-af9b44e46426,Planned vessel arrival,Maersk,SEJJ,Sealand a Maersk Company,589767925,plannedVesselArrival,0,TransportEv,2020-03-07 16:00:00,9162227,009E,Transshipment,TRIST-MRP,,2020-02-17 13:39:56,2.0,6.0,Full,UN/Locode,TRAMR,"Ambarli, TR",Active,2021-05-13 21:23:04,2020-02-18 10:44:45,Maersk
171,ee0ce2dc-dba5-4ac7-92f6-4fecb3b798b9,a7aac0a3-46e3-41e8-b566-8359360e101a,Planned vessel arrival,Hamburg SÃ¼d,SUDU,Hamburg Sud,9BOG030257,plannedVesselArrival,0,TransportEv,2019-11-20 06:18:00,9550369,945W,Transshipment,PAMITMANZ,,2019-11-21 05:35:00,2.0,4.0,Full,UN/Locode,PAMIT,"Manzanillo, PA",Active,2021-05-13 21:23:04,2020-01-03 09:29:29,Hamburg SÃ¼d
172,e5005d28-2a10-4603-8ad0-c1f3e242c840,068225ea-79e1-49b2-abef-bf07fefe41c8,Planned vessel arrival,Hamburg SÃ¼d,SUDU,Hamburg Sud,0ANR000643,plannedVesselArrival,0,TransportEv,2020-02-28 06:00:00,9348077,006N,Import,MXVERNEWI,,2020-02-20 17:58:00,8.0,8.0,Full,UN/Locode,MXVER,"Veracruz, MX",Active,2021-05-13 21:23:04,2020-02-27 22:06:07,Hamburg SÃ¼d
173,ab62400a-b684-49e3-bac0-a44c2ae3ce08,8a58a5ab-5da5-4c12-9a54-20dfeb125903,Planned vessel arrival,Hamburg SÃ¼d,SUDU,Hamburg Sud,9DUB003589,plannedVesselArrival,0,TransportEv,2019-11-22 06:00:00,,,Import,BEANR0869,,2019-11-14 19:44:00,2.0,6.0,Full,UN/Locode,BEANR,"Antwerpen, BE",Active,2021-05-13 21:23:04,2019-12-29 02:31:22,Hamburg SÃ¼d
174,05ad2dbf-a344-48aa-8e5c-adce157335f0,e3beed37-f9c4-4970-a436-00118014cfa5,Planned vessel arrival,Hamburg SÃ¼d,SUDU,Hamburg Sud,9STR009804,plannedVesselArrival,0,TransportEv,2020-01-05 14:00:00,9298698,952W,Import,USORFVIGT,,2019-12-23 09:43:01,6.0,8.0,Full,UN/Locode,USORF,"Norfolk, VA, US",Active,2021-05-13 21:23:04,2020-02-14 11:50:46,Hamburg SÃ¼d
175,4ec58b3f-44df-4673-b45d-0d3722414b54,22792fcc-9145-40be-88eb-4d3c3029ae27,Planned vessel departure,Hamburg SÃ¼d,SUDU,Hamburg Sud,9MEX035397,plannedVesselDeparture,0,TransportEv,2019-12-23 00:42:00,9283239,949N,Export,PACTBPANA,,2020-01-27 22:50:02,7.0,14.0,Full,UN/Locode,PACTB,"Cristobal, PA",Active,2021-05-13 21:23:04,2020-02-11 17:58:24,Hamburg SÃ¼d
176,a346d011-576b-40ea-9326-5090926c1185,a4079b17-8c07-4e72-b03e-7b4229646be1,Planned vessel departure,Hamburg SÃ¼d,SUDU,Hamburg Sud,9BUE025823,plannedVesselDeparture,0,TransportEv,2019-12-16 16:00:00,9273961,950N,Export,ARROSTEPU,,2019-12-12 14:52:06,1.0,4.0,Full,UN/Locode,ARROS,"Rosario, AR",Active,2021-05-13 21:23:04,2020-01-16 10:58:16,Hamburg SÃ¼d
177,c1367973-203e-4f61-8f88-9fc76d011c78,38e31916-18ba-41fc-944a-1faeffb5189c,Planned vessel departure,Maersk,MAEU,Maersk Line,USMX42623,plannedVesselDeparture,0,TransportEv,2020-01-12 00:00:00,9193264,001E,Export,USPTM-VIG,,2020-01-06 22:14:46,3.0,6.0,Full,UN/Locode,USORF,"Norfolk, VA, US",Active,2021-05-13 21:23:04,2020-01-23 05:40:11,Maersk
178,d315152b-5991-44d7-9317-ecde13ee76db,d29ca937-7f20-40ce-a6a0-f74605b56b05,Planned vessel departure,Hamburg SÃ¼d,SUDU,Hamburg Sud,0ANR001233,plannedVesselDeparture,0,TransportEv,2020-03-22 02:00:00,9348649,012W,Transshipment,AEJEADPWO,,2020-02-14 13:09:05,3.0,4.0,Full,UN/Locode,AEJEA,"Jebel Ali, AE",Active,2021-05-13 21:23:04,2020-02-25 00:30:13,Hamburg SÃ¼d
179,50792da5-e7e1-4196-af9d-881882c6935e,ff8cf59f-f179-4e97-895e-4f11c4df5fc4,Planned vessel departure,Hamburg SÃ¼d,SUDU,Hamburg Sud,9RTM014369,plannedVesselDeparture,0,TransportEv,2019-11-20 03:00:00,9777620,946S,Export,BEANR1700,,2019-11-19 09:32:00,1.0,8.0,Full,UN/Locode,BEANR,"Antwerpen, BE",Active,2021-05-13 21:23:04,2020-02-14 12:07:13,Hamburg SÃ¼d
